business_description,output
"an artisanal coffee roastery focusing on single-origin beans.","1. PureOriginRoast.com 2. BeanCrafted.co 3. SummitBrewers.net 4. EchoingBeans.coffee 5. SingleSourceSip.store"
"a tech startup developing an AI-powered personalized fitness app.","1. FitMindAI.app 2. AdaptiFit.tech 3. SmartBodyCoach.io 4. AuraHealth.fit 5. SynapseFitness.com"
"a sustainable fashion brand that upcycles vintage clothing.","1. ReChicThreads.co 2. EverGreenStitch.shop 3. ConsciousAttire.com 4. RenewVogue.store 5. UpcycledStyle.boutique"
"a boutique bakery specializing in custom celebration cakes.","1. DreamSliceCakes.com 2. FrostingFables.net 3. SweetOccasionBake.co 4. BespokeBites.shop 5. WhimsyWhip.bakery"
"a remote-first software development agency.","1. VirtualCodeWorks.tech 2. OmniDevs.io 3. RemoteLogicLabs.com 4. CloudStreamDev.co 5. AgilePixel.agency"
"a community garden initiative promoting urban farming.","1. CityRootsGarden.org 2. UrbanBloomCollective.com 3. GreenPatchConnect.net 4. Soil&Soul.community 5. SproutShare.farm"
"an online platform connecting local artists with art buyers.","1. ArtisanLink.gallery 2. CreativeCanvasHub.com 3. LocalArtistry.net 4. CuratedView.art 5. StudioDirect.gallery"
"a wellness retreat focusing on mindfulness and digital detox.","1. SereneEscapeRetreat.com 2. MindfulHaven.org 3. DigitalCalm.space 4. InnerPeacePath.net 5. UnplugAndFlourish.live"
"a subscription box service for gourmet international snacks.","1. GlobalGourmetBox.com 2. WanderSnack.club 3. TasteJourney.co 4. WorldlyBites.shop 5. SnackPassport.store"
"a podcast exploring forgotten historical events.","1. EchoesOfTimePod.com 2. UnwrittenChronicles.net 3. HiddenHistories.fm 4. PastWhispers.show 5. LostEraTales.podcast"
"a luxury pet accessories brand.","1. PoshPawsCo.com 2. RegalTails.boutique 3. LuxeLeash.pet 4. EliteFido.store 5. PawfectlyChic.shop"
"a mobile app providing personalized meal planning based on dietary needs.","1. NutriPlan.app 2. PlateSmartAI.tech 3. HealthBitePlanner.com 4. MyDietGenie.fit 5. CustomChow.io"
"a financial literacy blog targeting young adults.","1. WalletWiseYouth.com 2. FutureFortuneBlog.net 3. PennySmartGenZ.blog 4. MoneyMovesHQ.co 5. GrowYourGreen.financial"
"a virtual reality gaming arcade.","1. NexusVRPlay.com 2. HyperRealityArcade.tech 3. ImmersiveVerse.games 4. PixelRealmVR.io 5. FutureGateVR.app"
"an independent bookstore specializing in sci-fi and fantasy.","1. CosmicReads.store 2. MythicScrolls.book 3. StarwardPages.com 4. FantasyFolio.net 5. InfiniteLore.library"
"an eco-tourism company offering sustainable travel experiences.","1. GreenVoyageTours.com 2. EcoExploreAdventures.net 3. SustainablePaths.travel 4. EarthConsciousJourneys.co 5. WildRootsExpeditions.org"
"a consulting firm specializing in brand identity for startups.","1. BrandBlueprintCo.com 2. IdentityIgnite.agency 3. StartupPersona.consulting 4. CoreBrandBuilders.net 5. VisionMarketing.firm"
"a drone photography and videography service.","1. SkyLensMedia.com 2. AeroCapturePro.tech 3. DroneArtistry.photo 4. ElevatedViews.video 5. HorizonVisionary.co"
"a gourmet mushroom farm and supplier.","1. EarthyHarvestMushrooms.com 2. FungiFeast.farm 3. MycoGrowers.net 4. SporeToPlate.co 5. ForestFloorFungi.supply"
"a coding bootcamp focused on full-stack web development.","1. CodeStackAcademy.com 2. DevForgeLab.tech 3. FullCycleDev.io 4. WebMasteryBootcamp.net 5. OmniCodeSolutions.academy"
"a hand-poured candle business with unique scents.","1. WickWhispers.com 2. ScentedGlow.store 3. AuraCandleCo.shop 4. FirelightEssence.net 5. LuminaAroma.boutique"
"a cybersecurity training platform for small businesses.","1. SecureBizAcademy.com 2. ShieldUpTraining.tech 3. CyberGuardPro.io 4. FortifySMB.security 5. DigitalWallSkills.online"
"an artisanal cheese shop with a focus on local producers.","1. CurdCove.com 2. LocalFromage.shop 3. ArtisanWheel.cheese 4. DairyCrafted.net 5. RegionRind.boutique"
"a home organization and decluttering service.","1. TidySanctuary.com 2. ClutterClarity.co 3. OrderlyAbode.house 4. ZenSpaceOrganize.net 5. StreamlineHome.services"
"a vintage record store and vinyl cafe.","1. GrooveSpinVinyl.com 2. AnalogBeatCafe.net 3. Wax&Wired.shop 4. TurntableTreasures.store 5. VinylVibesLounge.cafe"
"a children's book publishing company focused on diversity and inclusion.","1. RainbowPagesBooks.com 2. DiverseTalesPub.co 3. WorldOfStories.kids 4. EmpathyReaders.net 5. BrightFuturesReads.org"
"a sustainable packaging solutions provider.","1. EcoPackInnovate.com 2. GreenWrapSolutions.tech 3. SustainCartons.co 4. PlanetProtectPack.net 5. CircularPackaging.supply"
"a personalized gift shop using custom engraving.","1. EngraveMemories.com 2. CustomGiftsmith.shop 3. ForeverEtched.store 4. PersonalTouchEngrave.co 5. BespokeCarve.gifts"
"an online platform for learning new hobbies (e.g."," pottery, knitting).,1. HobbyHavenOnline.com 2. SkillCrafter.net 3. LearnLeisure.app 4. CreativePastime.club 5. MakerSphere.online"
"a boutique hotel with a historical theme.","1. HeritageHostel.com 2. EpochInn.boutique 3. TimelessResidency.hotel 4. GrandChronicleStay.net 5. LegacyLodgings.co"
"an organic skincare brand using natural botanicals.","1. EarthBloomSkin.com 2. HerbaceousGlow.beauty 3. NaturesElixirCare.co 4. BotanicalBalance.shop 5. PurePetalCosmetics.store"
"a co-working space designed for creatives and freelancers.","1. IdeaFlowSpace.com 2. CanvasCowork.studio 3. CreatorHubFlex.co 4. OpenWorksCollective.net 5. ArtisanAlleyShared.space"
"a mobile dog training service.","1. PawsitivePractice.com 2. K9CoachGo.pet 3. OnTheGoTrainDogs.net 4. FetchFocusPro.dog 5. RoverReadyMobile.trainer"
"a specialized travel agency for adventure tourism.","1. SummitSeekerTours.com 2. AdrenalineQuest.travel 3. WildPathAdventures.net 4. ExtremeHorizon.co 5. ThrillTrekExpeditions.agency"
"a podcast network focused on true crime stories.","1. DarkDossierPod.com 2. CrimeChronicles.network 3. TwistedNarratives.fm 4. ShadowCaseFiles.show 5. SinisterSagas.podcast"
"an online marketplace for handmade jewelry.","1. GemCraftedMarket.com 2. AdornArtistry.shop 3. JewelersBay.store 4. HandWroughtGems.co 5. SparkleArtisan.online"
"a culinary school specializing in plant-based cooking.","1. GreenGourmetAcademy.com 2. PlantPlatePro.chef 3. HerbivoreCuisine.school 4. VeggieVirtuoso.net 5. SeedToTableCook.academy"
"a platform offering online therapy and mental health support.","1. MindWellConnect.com 2. InnerBalanceOnline.net 3. CalmSpaceTherapy.app 4. TrueNorthSupport.health 5. EmpathLink.care"
"a smart home technology installation service.","1. IntelliHomeInstall.com 2. FutureLivingTech.net 3. SmartDwellingSetup.co 4. ConnectedHomePro.tech 5. AutomatedAbode.solutions"
"a niche photography studio specializing in pet portraits.","1. PawfectPortraits.photo 2. FurryFaceFrames.com 3. PetLensStudio.net 4. AnimalArtSnaps.studio 5. K9CameraCreations.pics"
"a cybersecurity consulting firm for enterprises.","1. CyberFortressConsult.com 2. SentinelShieldPro.tech 3. EnterpriseSecure.consulting 4. DataGuardians.net 5. DigitalRampart.agency"
"a craft brewery with unique experimental beers.","1. AlchemistAles.com 2. FluxBrewery.beer 3. WarpGateBrew.co 4. UncommonHops.net 5. FlavorLabBrewing.pub"
"a tutoring service specializing in high school math and science.","1. ApexAcademiaTutoring.com 2. StemSuccessHub.net 3. EquationEdge.academy 4. SciencePathways.online 5. MathMasteryMentors.school"
"an online art supply store for professional artists.","1. ProBrushSupplies.com 2. ArtisanPalette.store 3. CanvasCornerOnline.shop 4. MasterpieceMaterials.art 5. StudioEssentialsDirect.co"
"a bespoke furniture design and manufacturing workshop.","1. HeirloomCraftsmen.com 2. CustomGrainDesigns.net 3. BespokeTimber.furniture 4. FormAndFunctionWorks.co 5. SculptedSpaces.studio"
"a personal styling service for busy professionals.","1. ExecutiveStylePro.com 2. PolishedPresence.net 3. WardrobeWise.consulting 4. PowerDressSolutions.co 5. EffortlessChic.fashion"
"a podcast on entrepreneurship and startup growth.","1. FounderForgePod.com 2. StartupSparks.fm 3. GrowthHacksShow.podcast 4. VentureVisions.co 5. BuildScaleSustain.net"
"a children's coding academy teaching game development.","1. CodePlayKids.com 2. GameDevGeniuses.academy 3. PixelPioneersEdu.tech 4. CreativeCoderCrew.net 5. FutureDevStars.school"
"a sustainable and ethical coffee shop.","1. ConsciousCupCafe.com 2. GreenBeanBrew.shop 3. EthicalEspresso.cafe 4. SustainSipSpot.net 5. EarthBlendCoffee.org"
"a personal finance coaching service specializing in debt management.","1. DebtFreedomCoach.com 2. ClearPathFinances.net 3. MoneyRescueMentor.co 4. ResetYourBudget.finance 5. ClimbOutCoach.financial"
"an online platform for learning foreign languages through immersion.","1. FluentDive.com 2. ImmerseLingo.app 3. GlobalTongues.online 4. CultureSpeakHub.net 5. WorldWordsImmerse.study"
"a specialized fitness studio focusing on high-intensity interval training (HIIT).","1. InfernoHIIT.com 2. PulsePeakFitness.net 3. RapidRepsStudio.fit 4. BlazeBurnAthletics.co 5. KineticRushGym.training"
"an animal rescue and adoption center.","1. FurEverHomes.org 2. PawsitiveAdoptions.net 3. RescueTailsHaven.com 4. ShelterPals.animal 5. HappyTailsRescue.care"
"a gourmet food subscription box featuring international spices.","1. SpiceRouteBox.com 2. GlobalFlavorKit.shop 3. AromaticJourneys.store 4. ZestfulEssence.net 5. WorldlySpices.club"
"a mindfulness meditation app with guided sessions.","1. CalmSphereMind.app 2. ZenFlowMeditation.com 3. InnerPeaceGuide.online 4. StillnessSessions.app 5. QuietMindPath.life"
"a vintage clothing and accessories resale shop.","1. RetroReviveStyle.com 2. TimelessThreads.shop 3. SecondChanceChic.store 4. CuratedClosetVintage.co 5. YesterdayWear.fashion"
"a specialized travel blog focusing on off-the-beaten-path destinations.","1. UnchartedPathsBlog.com 2. RemoteRoadsTravel.net 3. HiddenGemExplorer.blog 4. OffGridAdventures.travel 5. SecludedSojourns.guide"
"a small business consulting firm specializing in digital transformation.","1. DigitalLeapConsult.com 2. TransformativeTechAdvisors.net 3. FutureReadyBiz.consulting 4. OmniDigitalSolutions.co 5. AgilePivotAdvisory.agency"
"a sustainable home goods store.","1. EcoHomestead.store 2. GreenLivingGoods.shop 3. EarthyEssentialsHome.com 4. RenewedSpaces.house 5. ConsciousCrib.co"
"an AI ethics research and advocacy group.","1. EthosAILabs.org 2. FutureFairAI.tech 3. ResponsibleRobotics.net 4. AlgorithmicJustice.tech 5. HumaneMachine.ai"
"a children's storytelling podcast.","1. StorytimeSprouts.fm 2. ImaginationEchoes.podcast 3. DreamweaverTales.show 4. WhisperingWoodsStories.com 5. LittleListenerLore.audio"
"a specialized clinic offering functional medicine.","1. RootCauseHealth.com 2. FunctionalFlowClinic.net 3. WholeBodyWellnessMD.care 4. IntegratedHealthPath.clinic 5. VitalityVerse.health"
"a culinary tour company focusing on regional cuisine.","1. TasteTrailTours.com 2. RegionalRootsEats.net 3. LocalFlavorJourneys.food 4. GastronomyGuides.travel 5. CulinaryCompass.co"
"an online platform for freelance graphic designers to find projects.","1. PixelProjectHub.com 2. DesignGigConnect.net 3. CreativeJobBoard.design 4. FreelanceCanvas.io 5. ArtTaskLink.co"
"a luxury car detailing service.","1. PristineFinishDetail.com 2. EliteAutoGlow.net 3. LuxeCleanCar.auto 4. ApexDetailing.studio 5. ConcoursShine.car"
"a podcast on sustainable investing.","1. GreenReturnsPod.com 2. EcoInvestTalk.podcast 3. ImpactWealthRadio.fm 4. SustainFundsShow.net 5. EthicalEconEchoes.invest"
"a vintage photography restoration service.","1. PhotoReviveLab.com 2. TimelessImageRestore.net 3. LegacyLensRepair.photo 4. PastPerfectPrints.co 5. MemoryMendStudio.restore"
"a cybersecurity awareness training program for employees.","1. CyberSafeWorkplace.com 2. HumanFirewallTraining.tech 3. SecureStaffSolutions.net 4. PhishProofPro.security 5. DigitalShieldSkills.online"
"an online community for remote workers.","1. RemoteRoost.community 2. NomadNexus.work 3. VirtualVillageConnect.net 4. DigitalDeckWorkers.online 5. GlobalDeskHub.co"
"a gluten-free bakery and cafe.","1. PureGrainCafe.com 2. GlutenFreeGoodies.net 3. CeliacComfortBake.cafe 4. FlourlessFinds.shop 5. WholesomeBiteBakery.co"
"a startup incubator for social enterprises.","1. ImpactLaunchPad.org 2. SocialSparkVentures.com 3. GoodCauseIncubator.net 4. CommunityCatalystLab.co 5. PurposefulPioneers.start"
"a specialized gym focusing on powerlifting and strength training.","1. IronStrongGym.com 2. PowerHouseLifts.net 3. ApexStrengthStudio.fit 4. BarbellBuilt.training 5. BeastModeForge.gym"
"a mobile app for learning basic coding concepts for kids.","1. CodeExplorerKids.app 2. PixelPlayLearn.tech 3. JuniorDevAdventures.online 4. LogicLeapKids.com 5. RoboCodeClub.app"
"an ethical fashion e-commerce store.","1. EthicallyStyled.shop 2. ConsciousClosetCo.com 3. TrueFabricMarket.store 4. SustainWearables.co 5. FairThreadBoutique.net"
"a gourmet ice cream parlor with unique flavors.","1. WhimsyScoop.com 2. FlavorFusionCreamery.net 3. ArtisanChill.shop 4. DelightfulDips.cafe 5. SweetCraftCones.store"
"a sustainable architectural design firm.","1. EcoBuildDesigns.com 2. GreenPrintArchitecture.net 3. SustainStructure.studio 4. EarthConsciousHomes.design 5. FutureFormArch.co"
"an online platform for virtual music lessons.","1. HarmonyHubOnline.com 2. VirtuosoVirtually.music 3. MelodyMentor.net 4. RhythmRoomLive.online 5. SonicSkillShare.academy"
"a bespoke travel planning service for luxury vacations.","1. OpulentJourneys.com 2. EliteEscapePlanner.travel 3. CuratedWanderlust.net 4. GrandGetawayConcierge.co 5. DreamDestinyDesign.luxury"
"a podcast covering mental health and well-being.","1. MindfulMurmurings.fm 2. InnerCalmCast.podcast 3. WellBeingWhispers.show 4. HealingHeartsAudio.net 5. SoulfulSerenity.talk"
"a marketplace for vintage and antique home decor.","1. HeirloomHomestead.com 2. TimelessTreasuresDecor.shop 3. AntiqueAbodeFinds.store 4. NostalgiaNook.house 5. PastPerfectHome.co"
"a specialized clinic for sports injury rehabilitation.","1. PeakPerformRecovery.com 2. SportsRxRehab.clinic 3. AthleteAidTherapy.net 4. MotionMendPro.health 5. GameReadyRehab.care"
"a vegan food delivery service.","1. GreenGourmetGo.com 2. PlantPlateExpress.net 3. VeganVitalityDelivers.food 4. HerbivoreHarvest.delivery 5. CompassionateKitchen.online"
"a platform connecting students with local tutors for all subjects.","1. ScholarLinkTutor.com 2. LearnLocalConnect.net 3. BrainyBoostHub.academy 4. TutorMatchUp.online 5. KnowledgeBridgeEdu.co"
"a custom sneaker design and restoration service.","1. SoleReviveCustoms.com 2. SneakerArtisan.kicks 3. FreshKicksLab.net 4. DesignMySoles.shoe 5. CustomFootwearForge.co"
"a mobile app for learning chess strategies.","1. ChessMindMaster.app 2. GrandmasterTactics.tech 3. BoardGeniusLearn.com 4. StrategySquare.play 5. KnightIQ.chess"
"an independent film production company.","1. VisionaryLensFilms.com 2. IndieFrameWorks.studio 3. MaverickCinema.pro 4. StoryWeavePictures.net 5. ArtHouseMotion.film"
"an organic baby food delivery service.","1. PureBabyBites.com 2. EarthyTotMeals.net 3. OrganicSproutFood.delivery 4. TinyTummyOrganics.baby 5. GrowWellGourmet.co"
"a specialized yoga studio focusing on aerial yoga.","1. AerialZenYoga.com 2. SkyFlowStudio.yoga 3. GravityGrace.net 4. FloatAndFlowYoga.studio 5. SuspendedSerenity.fit"
"a cybersecurity firm offering penetration testing services.","1. BreachProDetect.com 2. PenTestGuardians.tech 3. ExploitShield.security 4. VulnerabilityVault.net 5. ThreatScanPro.firm"
"a community art workshop space.","1. CreativeCommune.art 2. StudioConnectHub.org 3. MakerspaceArtisan.net 4. CommunityCanvas.studio 5. ExpressiveGathering.space"
"an online course platform for digital marketing skills.","1. DigitalEdgeAcademy.com 2. MarketingMasteryOnline.net 3. GrowthHacksLearn.digital 4. AdSkillsHub.academy 5. OmniMarketTraining.online"
"a niche beauty brand specializing in natural"," cruelty-free cosmetics.,1. KindComplexion.com 2. PureGlowBeauty.shop 3. EthicaLuxeCosmetics.store 4. BloomBeautyCo.net 5. ConsciousGlam.beauty"
"a service connecting elderly individuals with tech support volunteers.","1. SeniorTechConnect.org 2. DigitalGrandAid.net 3. ElderLinkSupport.tech 4. SilverSurferHelp.community 5. WisdomWebAssist.care"
"a boutique coffee shop that doubles as a bookstore.","1. Brew&BrowseCafe.com 2. PageTurnerCoffee.shop 3. LiterarySip.cafe 4. BookwormBrew.net 5. ChapterOneCoffee.store"
"a mobile app for finding accessible places for people with disabilities.","1. AccessFindr.app 2. InclusivePaths.tech 3. BarrierFreeMaps.online 4. NavigateAbility.com 5. OpenDoorPlaces.guide"
"an interior design firm specializing in minimalist aesthetics.","1. MinimalistMakers.com 2. CleanLineDesign.studio 3. SimpleSpaceInteriors.co 4. ZenModernDesigns.net 5. ClarityInteriors.design"
"a sustainability consulting service for small businesses.","1. GreenBizConsult.com 2. EcoGrowthAdvisors.net 3. SustainBizSolutions.co 4. PlanetPositivePartners.firm 5. EarthWiseBusiness.consulting"
"an online platform for learning to play musical instruments.","1. InstrumentInsight.com 2. TuneUpLessons.online 3. MelodyMastery.music 4. PlayItPro.academy 5. SonicSkillsHub.net"
"a personalized nutrition coaching service.","1. NutriCoachConnect.com 2. FuelYourFlow.net 3. CustomCuisineCoach.health 4. PlatePerfection.care 5. WellnessWiseMeals.coach"
"a specialized clinic for sleep disorders.","1. DreamDeepClinic.com 2. RestfulNightsMD.net 3. SleepCycleSolutions.clinic 4. SomnusCare.health 5. TranquilSlumber.care"
"a podcast discussing global current events and international relations.","1. WorldWatchPod.com 2. GlobalPulseTalk.podcast 3. DiplomaticDigest.fm 4. InternationalLens.show 5. GeoPoliticsToday.news"
"a custom sneaker cleaning and restoration service.","1. SneakerFreshLab.com 2. KickCareRestore.net 3. SoleRevivalClean.shoe 4. PristineSneaks.co 5. UrbanFootwearFix.studio"
"a premium loose-leaf tea shop.","1. SteepedTraditions.com 2. Leaf&Luxe.shop 3. BrewedElegance.tea 4. PureHarvestTea.store 5. SereniTeaBlends.boutique"
"a smart irrigation system for urban gardens.","1. GreenFlowSmart.com 2. UrbanHydroGrow.tech 3. SmartSproutSystem.io 4. AquaGardenSense.solutions 5. BloomAutomate.garden"
"a bespoke tailoring and custom suit service.","1. SartorialCraft.com 2. CustomCutThreads.net 3. BespokeGentlemen.suit 4. TailoredForm.style 5. DapperFitStudio.co"
"a mobile app that helps users find and review local hiking trails.","1. TrailFindr.app 2. PathFinderHike.com 3. ExploreLocalTrails.net 4. TrekReviewer.guide 5. PeakDiscoveryApp.outdoors"
"an online platform for learning digital art and illustration.","1. PixelArtistryAcademy.com 2. DigitalBrushstrokes.net 3. CreativeCanvasOnline.art 4. IllustrateNow.academy 5. VectorVisionsLearn.digital"
"a sustainable zero-waste refill shop.","1. EcoRefillHub.com 2. GreenLoopShop.store 3. ZeroWasteEssentials.shop 4. PlanetRefill.co 5. ConsciousContainers.boutique"
"a virtual assistant service for small business owners.","1. BizSupportVirtual.com 2. MyBizAide.net 3. RemoteAdminPro.services 4. EntrepreneurialAlly.co 5. StreamlineOfficeVA.solutions"
"a non-profit organization providing clean water access in developing countries.","1. PureWaterFutures.org 2. AquaLifeImpact.net 3. GlobalCleanDrops.charity 4. WaterForWellness.community 5. SpringOfHope.aid"
"a modern calligraphy and hand-lettering studio.","1. ElegantScriptStudio.com 2. InkFlowArtistry.net 3. HandcraftedLetters.design 4. PenmanshipPerfection.co 5. BespokeBrushstrokes.art"
"a podcast about historical fashion and costume design.","1. TimelessThreadsPod.com 2. FabricOfHistory.podcast 3. StyleAcrossEras.fm 4. CostumeChronicles.show 5. VintageVogueVoices.audio"
"a specialized clinic offering regenerative medicine therapies.","1. RegenesisHealth.com 2. CellularReviveClinic.net 3. FutureHealTherapies.care 4. RestoreVitalityMD.clinic 5. BioRenaissance.health"
"a gourmet olive oil and balsamic vinegar shop.","1. GoldenHarvestOil.com 2. OliveGroveVinaigre.shop 3. LiquidGoldGourmet.store 4. AgedArtisanOils.net 5. BalsamicBoutique.co"
"an online course platform for creative writing.","1. PenToPageAcademy.com 2. StoryCraftOnline.net 3. WriteYourWorld.academy 4. NarrativeNurture.online 5. WordWeaverWorkshop.study"
"a smart home security system provider.","1. SecureHavenSmart.com 2. SentinelSmartHome.tech 3. GuardianDwelling.security 4. IntelliProtectHome.net 5. SafeAbodeSolutions.systems"
"a children's STEM education center.","1. FutureInnovatorsLab.com 2. StemKidzAcademy.net 3. LittleBuildersEdu.tech 4. CuriosityCodeCamp.school 5. DiscoveryZoneSTEM.education"
"a boutique hotel focusing on wellness and spa experiences.","1. SanctuaryStayWellness.com 2. SereneSpaRetreat.hotel 3. RejuvenateResort.net 4. InnerBalanceInn.travel 5. TranquilWatersLodge.spa"
"a personalized diet and exercise planning service.","1. CustomWellnessPlan.com 2. FitPathPersonal.net 3. BodyBalanceCoach.fit 4. OptimalYouProgram.health 5. TailoredTone.coach"
"an online platform for learning various musical instruments.","1. TuneCraftAcademy.com 2. InstrumentLearnHub.online 3. MelodyMastery.music 4. PlayNowLessons.academy 5. SonicSkillUp.net"
"a cybersecurity training program for individuals.","1. SecureSelfLearn.com 2. PersonalCyberShield.net 3. DigitalCitizenSafe.online 4. MyCyberGuard.security 5. NetSmartSkills.training"
"a community-based art therapy program.","1. CreativeHealingHub.org 2. ArtForWellness.community 3. ExpressiveMinds.net 4. CanvasOfCare.therapy 5. SoulfulStrokes.art"
"a niche beauty brand specializing in vegan and organic haircare.","1. PureLocksOrganics.com 2. GreenStrandsBeauty.shop 3. VeganHairNourish.store 4. EarthyTresses.co 5. BloomHairCare.beauty"
"a fitness studio specializing in dance fitness and Zumba.","1. GrooveFitStudio.com 2. DancePulseFitness.net 3. ZumbaVibe.fitness 4. MoveRhythmFit.dance 5. CardioChoreo.studio"
"an online marketplace for homemade baked goods.","1. HomeBakedDelights.com 2. SweetTreatsMarket.shop 3. ArtisanOvenOnline.store 4. CraftedCakesBake.net 5. WholesomeHomeBakes.food"
"a sustainable and ethical jewelry brand.","1. EcoGemstoneJewelry.com 2. ConsciousCarats.shop 3. PureMetalCraft.co 4. EthicalSparkle.jewelry 5. SustainShine.boutique"
"a mobile app for finding accessible parking spaces.","1. ParkAccess.app 2. EasySpotMobility.tech 3. InclusiveParking.online 4. WheelchairPark.com 5. OpenSpaceParking.assist"
"an interior design firm specializing in bohemian and eclectic styles.","1. BohoChicInteriors.com 2. EclecticHavenDesign.studio 3. FreeSpiritSpaces.co 4. WanderlustHomeDecor.net 5. BohemianDreamDesign.decor"
"a podcast about environmental conservation and climate change.","1. EcoFuturePodcast.com 2. GreenPlanetVoices.fm 3. ClimateConversations.show 4. EarthGuardiansAudio.net 5. SustainSphereTalk.org"
"an online course platform for professional development in tech.","1. TechProSkills.com 2. FutureProofAcademy.tech 3. InnovateLearnHub.online 4. CareerCodePath.academy 5. DigitalUpskill.courses"
"a personalized financial planning service for retirement.","1. GoldenYearsPlan.com 2. SecureRetireAdvisor.net 3. FutureNestEgg.finance 4. LegacyWealthPlan.consulting 5. RetireWiseSolutions.financial"
"a specialized clinic for pain management.","1. ReliefRouteClinic.com 2. PainFreePathway.net 3. ComfortCareMD.clinic 4. RestoreMotionHealth.care 5. SootheSphere.therapy"
"a niche beauty brand focusing on anti-aging products with natural ingredients.","1. AgelessBloom.com 2. YouthfulEssenceSkin.shop 3. ReviveBotanicals.beauty 4. TimelessElixirCare.net 5. RejuvenateNature.store"
"an animal rescue and rehabilitation center for wild animals.","1. WildHeartRescue.org 2. NatureHealSanctuary.net 3. WildlifeHavenRehab.com 4. ForestFriendsAid.animal 5. RescuedWildlings.care"
"a gourmet coffee subscription service.","1. BeanVoyageClub.com 2. ArtisanRoastBox.coffee 3. DailyGrindSelect.shop 4. CuratedCupDeliver.net 5. BrewJourney.subscribe"
"a mobile app for tracking personal habits and goals.","1. HabitFlow.app 2. GoalTrackerPro.tech 3. LifePathJournal.online 4. AchieveDaily.com 5. MomentumMakers.track"
"a bespoke menswear tailoring service.","1. ModernGentTailor.com 2. SharpSuitCraft.net 3. CustomCoutureMen.fashion 4. DistinguishedDrape.style 5. BespokeBlazers.co"
"an online marketplace for unique handcrafted gifts.","1. ArtisanGiftFinds.com 2. CreativeCrafted.shop 3. UniqueHandsMarket.store 4. BespokePresentCo.net 5. MakerMadeTreasures.gifts"
"a podcast exploring ancient myths and folklore.","1. MythosEchoesPod.com 2. AncientLoreRadio.podcast 3. FolkloricTales.fm 4. LegendWeaverAudio.net 5. OldWorldWhispers.show"
"a cybersecurity firm offering managed security services.","1. ManagedCyberShield.com 2. SentinelGuardPro.tech 3. SecureOpsManaged.net 4. ThreatDefenseCentral.security 5. DigitalFortressMSP.firm"
"a community pottery studio and workshop.","1. ClayWheelCollective.com 2. EarthyArtPottery.studio 3. FireFormWorkshop.art 4. HandBuiltCreations.net 5. Potter'sPlaceStudio.space"
"an online course platform for graphic design software (e.g."," Photoshop, Illustrator).,1. DesignToolMastery.com 2. PixelPerfectAcademy.online 3. GraphicSkillHub.design 4. CreativeSuiteLearn.academy 5. VisualVocab.courses"
